,iv
checking_status,0.6331141159260839
credit_history,0.2537658653521029
savings_status,0.2227874568282226
duration,0.18506319459661758
employment,0.13951762232264145
property_magnitude,0.13934287346215735
purpose,0.13112333060047265
other_payment_plans,0.1179995695964628
housing,0.10306767880717391
credit_amount,0.064090324026296
age,0.04706099798942524
installment_commitment,0.033043104724410396
other_parties,0.02598236506137076
job,0.023969314748109226
own_telephone,0.002862164239146005
residence_since,0.001220388995262436
existing_credits,0.001052600835776564
num_dependents,0.0
